Trial_Number,Status,Final_RMSE_Pct,RMSE_Epoch_25,RMSE_Epoch_75,RMSE_Epoch_225,RMSE_Epoch_400,initLR,attentionDim,numFilters,dropoutRate,gradClip,warmupEpochs,weightDecay,lambda_end,Duration_Seconds
0,COMPLETE,23.1200,10.7428,21.0157,22.5166,23.1200,3.00e-04,64,32,0.1000,1.0000,20,1.00e-05,5.00e-01,7041.02
1,PRUNED,25.1467,25.1467,N/A,N/A,N/A,1.00e-03,128,48,0.1500,1.0000,30,1.00e-04,2.00e+00,870.98
2,PRUNED,16.1884,16.1884,N/A,N/A,N/A,4.33e-04,32,32,0.0562,1.9549,20,3.13e-06,6.62e-02,309.86
3,PRUNED,23.0213,23.0213,N/A,N/A,N/A,7.79e-04,128,48,0.2043,1.3886,30,1.50e-06,3.64e+00,885.83
4,PRUNED,24.9586,24.9586,N/A,N/A,N/A,4.37e-03,32,64,0.1276,1.4938,40,3.15e-06,4.14e+00,369.24
5,PRUNED,16.6583,16.6583,N/A,N/A,N/A,2.07e-03,32,64,0.1314,1.7431,40,2.40e-06,1.46e+00,375.15
6,PRUNED,33.7109,33.7109,N/A,N/A,N/A,1.34e-04,32,48,0.1575,0.6738,20,1.48e-06,6.91e-02,352.41
7,PRUNED,29.4845,14.3433,20.1583,29.4845,N/A,3.57e-04,128,64,0.1981,1.2841,20,1.22e-06,5.22e-01,8269.63
8,PRUNED,27.9578,27.9578,N/A,N/A,N/A,3.42e-04,64,48,0.3289,1.7122,30,3.19e-06,2.56e+00,491.63
9,PRUNED,17.4809,17.4809,N/A,N/A,N/A,8.25e-04,64,48,0.2032,1.1261,40,3.51e-04,7.45e-02,491.07
10,PRUNED,20.9997,20.9997,N/A,N/A,N/A,1.14e-04,192,32,0.3297,0.5365,20,1.38e-05,1.18e-02,2464.31
11,PRUNED,27.6006,27.6006,N/A,N/A,N/A,2.56e-04,256,16,0.0528,0.9882,20,1.53e-05,4.70e-01,3876.60
12,PRUNED,33.5554,33.5554,N/A,N/A,N/A,1.87e-04,128,32,0.2490,1.2532,20,1.40e-05,4.27e-01,911.49
13,PRUNED,21.8730,21.8730,N/A,N/A,N/A,4.82e-04,64,64,0.2660,0.7813,20,5.37e-05,4.35e-01,521.84
14,PRUNED,32.3436,32.3436,N/A,N/A,N/A,2.17e-04,256,16,0.0926,0.8821,20,7.64e-06,2.10e-01,4008.39
15,PRUNED,23.8867,14.4185,23.8867,N/A,N/A,5.56e-04,192,64,0.1975,1.2417,20,3.90e-05,6.82e-01,8338.43
16,PRUNED,34.5667,14.2282,34.5667,N/A,N/A,1.34e-03,128,32,0.2662,1.5058,20,1.03e-06,2.01e-01,2447.99
17,PRUNED,22.9290,13.0523,22.9290,N/A,N/A,3.01e-04,64,32,0.1000,1.1175,20,7.01e-06,9.77e-01,1274.21
18,PRUNED,26.6568,26.6568,N/A,N/A,N/A,1.47e-04,128,64,0.1765,1.3325,40,4.87e-04,1.49e-01,919.77
19,PRUNED,35.8735,35.8735,N/A,N/A,N/A,1.74e-03,64,16,0.2289,0.7719,30,1.62e-04,1.75e-02,415.29
20,PRUNED,26.0209,26.0209,N/A,N/A,N/A,6.04e-04,256,64,0.2950,1.6358,20,6.54e-06,9.14e-01,3962.09
21,PRUNED,24.4585,16.4161,19.7268,24.4585,N/A,3.12e-04,64,32,0.0938,1.0747,20,6.26e-06,1.04e+00,3695.05
22,PRUNED,23.2835,23.2835,N/A,N/A,N/A,3.49e-04,64,32,0.0891,1.0871,20,2.50e-05,2.60e-01,468.25
23,PRUNED,18.4213,18.4213,N/A,N/A,N/A,1.70e-04,64,32,0.1162,0.9335,20,5.24e-06,1.32e+00,445.86
24,COMPLETE,20.2754,10.5462,14.4725,19.6512,20.2754,2.46e-04,64,32,0.0748,1.2074,20,1.03e-05,6.36e-01,6349.06
25,PRUNED,18.0681,18.0681,N/A,N/A,N/A,2.26e-04,64,32,0.0740,1.1566,20,2.05e-05,1.31e-01,419.60
26,PRUNED,16.7272,16.7272,N/A,N/A,N/A,1.10e-04,64,32,0.0756,0.7949,20,8.11e-06,9.74e-01,449.51
27,PRUNED,22.0883,16.0021,22.0883,N/A,N/A,2.72e-04,64,32,0.1092,1.0433,20,3.46e-05,2.05e+00,1225.37
28,PRUNED,31.5451,31.5451,N/A,N/A,N/A,4.55e-04,64,32,0.1489,1.4326,40,9.78e-06,3.43e-01,410.60
29,PRUNED,23.3845,14.4553,23.3845,N/A,N/A,6.79e-04,192,32,0.1452,0.9005,30,4.65e-06,7.36e-01,6148.83
30,PRUNED,24.8804,24.8804,N/A,N/A,N/A,1.98e-04,64,32,0.0760,0.6441,30,8.40e-05,1.74e+00,411.16
31,PRUNED,20.0267,9.5144,18.1726,20.0267,N/A,3.70e-04,128,64,0.1714,1.2538,20,1.16e-05,6.05e-01,8256.05
32,PRUNED,40.1685,40.1685,N/A,N/A,N/A,4.37e-04,128,32,0.1698,1.2131,20,1.08e-05,6.14e-01,871.78
33,PRUNED,29.3165,14.1682,29.3165,N/A,N/A,2.83e-04,128,16,0.0638,1.0098,20,2.18e-05,3.13e-01,2431.89
34,PRUNED,24.5040,24.5040,N/A,N/A,N/A,3.56e-04,64,32,0.1272,1.3503,20,4.31e-06,1.17e+00,475.78
35,PRUNED,18.5748,18.5748,N/A,N/A,N/A,3.83e-03,32,64,0.1153,1.1966,20,2.23e-06,3.04e+00,386.65
36,PRUNED,19.8718,19.8718,N/A,N/A,N/A,8.37e-04,64,48,0.0899,1.9611,20,1.10e-05,2.08e+00,494.48
37,PRUNED,19.6612,19.6612,N/A,N/A,N/A,1.07e-03,128,64,0.1342,1.5400,40,2.45e-06,1.08e-01,920.44
38,PRUNED,41.1307,41.1307,N/A,N/A,N/A,1.56e-04,32,32,0.0535,1.0433,30,1.65e-05,3.75e-02,342.71
39,PRUNED,43.2258,43.2258,N/A,N/A,N/A,4.11e-04,256,48,0.1672,1.4231,20,3.95e-06,4.90e+00,4178.34
