Trial,initLR,attentionDim,numFilters,dropoutRate,gradClip,warmupEpochs,weightDecay,lambda_end,RMSE,EvalTime_Seconds
1,0.0003,64,32,0.1,1,20,1e-05,0.5,22.6701297300318,1062.1994266
2,0.001,128,48,0.15,1,30,1e-05,0.5,19.1410674895917,1605.9478765
3,0.0005,128,32,0.1,0.8,20,5e-05,0.3,21.6960136075809,1459.5768948
4,0.002,192,48,0.2,1.5,30,0.0001,2,22.6784391071906,2025.6879677
5,0.000899234485047922,128,48,0.176077159405683,0.973029733255179,30,1.4149262585692e-05,0.331203784162755,14.984406578335,1569.2531761
6,0.000653938316140597,128,48,0.184992656647673,0.976999326503097,30,0.000198543429460095,0.303891567162504,17.5442016816739,3183.6979744
7,0.000216874608439152,128,48,0.266032819299172,0.940584981460525,30,6.92127760891846e-06,0.338037208774116,17.5654132414343,2176.4165833
8,0.000575519317169268,128,48,0.14692226659796,1.78356003631968,30,0.000251448138006946,0.309462663460314,22.9688233799271,1594.8365218
9,0.00437329474090579,128,48,0.260816904799506,1.00966722905633,30,0.000183844498340197,0.321626210110495,10.5035926329236,1614.1575161
10,0.00276808978702389,128,48,0.323217790311623,1.07964128571592,30,0.000168712437809403,0.36595846395838,6.29493377523499,1643.0845304
11,0.00265846528677509,128,48,0.347386225662647,0.921032240294446,30,2.36516151837526e-06,2.95138179531221,25.2993949720465,1641.7123169
12,0.00107811116050135,128,48,0.344791164301828,0.949570605317432,30,8.81129372512034e-05,0.262067282541702,10.389654624956,1659.491132
13,0.000257975450689843,128,48,0.30749974252625,0.721458488431353,30,8.78299705063108e-05,0.360183779027129,12.5112160917512,1653.4680435
14,0.000129578813374018,128,48,0.31263750208515,1.15112838133555,30,0.000102611031130135,0.331782635154813,22.2708510229034,1569.6411208
15,0.00154227621625314,128,48,0.333541829345196,0.831417984545233,30,3.06356024139143e-06,0.338664125652596,21.6850589737373,1636.1028465
16,0.00275660437046545,128,48,0.34028477220622,0.992140089658529,30,0.000197234662274111,0.886651114218088,16.4203615174545,1676.2790236
17,0.00290493712473881,128,48,0.331986428024374,1.02876108230085,30,0.000112724053607357,0.35562866808756,15.151175917184,1633.8687143
18,0.00282429533333398,128,48,0.243231266018999,1.0525884468027,30,0.000130182781602838,0.283492697645459,10.310530539776,1735.0157578
19,0.0036033220368329,128,48,0.11744294805228,1.07410678574381,30,0.000163591648048708,0.223712737315555,9.50797173006948,2943.7801126
20,0.00331040983202517,128,48,0.333976909621399,0.989184629156814,30,0.000146587968831636,0.139196914729409,4.04027405706278,1189.6857668
21,0.00363882979797759,128,48,0.330394567160989,0.911219774673004,30,0.000137561095143427,0.0993969071211773,4.96972484783518,1156.7251127
22,0.00390104893254215,128,48,0.13322636898229,0.8566744942395,30,0.000133098494494655,0.111689661155566,7.19875412629009,1125.7569464
23,0.00386349702418672,128,48,0.269699948966215,0.962772709555434,30,0.000161799766740301,0.0743685697064304,11.5572174583379,28133.0667205
24,0.00310825410961583,128,48,0.0529401718268365,0.851611883652773,30,0.00012230557765461,0.132702988652775,15.0395796924785,1477.329994
25,0.00361411513286026,128,48,0.336136636543911,0.929315546809451,30,0.000194265041699572,0.0810955535219172,3.4145395010543,1296.1792226
26,0.00289360514630784,128,48,0.344164937577313,0.613432236802042,30,0.000230807620066763,0.127222096483173,4.94830289459298,1663.2305379
27,0.00430513747851526,128,48,0.337586230352897,1.07918458488418,30,0.000314649893523565,0.084567398941544,6.99991791134347,1185.4377137
28,0.00188429465181753,128,48,0.295180599759343,0.670687507211307,30,0.0004200825058761,0.0584562693563722,18.409260453408,1139.9111502
29,0.00411793402251989,128,48,0.309667418517891,0.923271888383323,30,0.000180729878081322,0.126913998440983,14.6489012044684,1135.4299335
30,0.00316439122267778,64,48,0.344025765208752,1.40454303195305,30,6.18835553970605e-05,0.0350630828277187,6.66847710998945,791.0776935
31,0.00462442978425871,128,48,0.337447060919627,1.44401434598786,30,0.000106950396565869,0.103606272160165,11.795713512111,1127.7039137
32,0.000495456888635972,64,48,0.139238164103607,1.09058296755976,30,1.2248837421827e-05,0.015473993450059,5.83686576915374,795.7211444
33,0.000971568696386741,64,48,0.285836539462858,1.19546010010149,30,2.51299287739657e-05,0.0222488971821521,6.07585071268251,798.7314896
34,0.00131458693555583,64,48,0.211369298588291,1.26720939633226,30,2.35701177752924e-05,0.0140991134671742,14.7609463360285,793.3868901
35,0.000591504899142128,64,48,0.264872083650851,1.14973526205037,30,2.26316833506102e-05,0.0447655850656397,8.17106255579583,774.4713728
36,0.000625888447137185,64,48,0.271287236016636,0.992329245324057,30,3.18421039893515e-05,0.0450982588844836,11.2426439300617,799.7949011
37,0.00113161056587863,64,48,0.295147789332702,1.51641236450024,30,1.09717426426938e-05,0.0546180334744393,7.79100114895295,801.0933907
38,0.000840417600365103,64,48,0.337267660895385,1.75299949426158,30,2.04815805863392e-05,0.0477591214226241,12.3946829808256,796.2226675
39,0.00309748808986688,64,48,0.325247302304226,1.0792865279355,30,1.44963476811672e-05,0.0519255287719975,13.0294535962149,807.0295787
40,0.000265884055624659,64,48,0.266669205760028,1.17241607738118,30,7.91715976328653e-06,0.0227641871901817,22.653955783261,803.1344319
41,0.00322824768148364,128,48,0.326804319169977,0.937782666449255,30,0.000302829866407265,0.0684664362907908,4.4576822953058,1137.7233048
42,0.00323140199398469,128,48,0.331009251352816,1.35856825699708,30,0.000364085976286997,0.0824229342413299,3.92376335584385,1138.03487
43,0.000649172709232848,64,48,0.123314842808538,1.89091061095901,30,7.91537248127238e-06,0.0111499385336778,8.63567513861645,800.8953592
44,0.00258371686353157,128,48,0.332515161366505,1.27485769913419,30,0.000210623168437878,0.124104156349173,3.97171570930384,1141.5015219
45,0.000912825454107515,64,48,0.270664441331568,1.39160462940448,30,1.33154068715096e-05,0.0368594947184866,14.4897216343571,806.7922573
46,0.00127703548960005,64,48,0.293635473134756,1.81503364464821,30,2.51334512845212e-05,0.0854201103313332,9.77629049946191,801.3475915
47,0.00301194763359699,128,48,0.339295714579813,1.36827443951675,30,0.000187801794536238,0.0385735224160518,7.42062576919004,1189.0223323
48,0.00289365544036314,128,48,0.341698919887535,1.11117091506276,30,0.000318111121638728,0.104100143109065,9.15097856925175,1575.6276015
49,0.00490363878076206,128,64,0.328407061289859,0.732071450155886,30,8.81024075275724e-05,0.0323007645166434,2.25426607478283,1724.6164832
50,0.00392863291320346,128,64,0.325879393373981,1.34347141406489,30,8.47693634713586e-05,0.0527146597634631,8.32184758829689,1656.2820215
51,0.00473729656615863,128,64,0.316065216340664,0.652610671148573,30,7.84122462363318e-05,0.0405440316491041,4.28026241147093,1668.7254194
52,0.00121577472217736,64,48,0.297213935747452,0.533390677723777,30,3.23801669826424e-05,0.0178683078906358,3.83464341454561,842.0732394
53,0.00100956084708017,64,48,0.304704864746743,0.77497205280599,30,3.85231809453517e-05,0.0114522196785685,13.0053521681208,837.6046302
54,0.002651189401542,128,48,0.329097612493736,1.01073648433575,30,0.000224018989604543,0.197089369246725,11.1575285062292,1163.7233329
55,0.00498300014758818,128,64,0.316420110814557,1.02733976884366,30,1.70984458397841e-05,0.0194605795735502,5.69521368926161,1209.3078334
