Trial_Number,State,Final_RMSE,RMSE_Epoch_25,RMSE_Epoch_75,RMSE_Epoch_225,RMSE_Epoch_400,initLR,attentionDim,numFilters,dropoutRate,gradClip,warmupEpochs,weightDecay,lambda_end,Duration_Seconds
0,COMPLETE,40.2642,34.4992,34.4968,39.9875,40.2642,3.00e-04,64,16,0.10000,1.00000,30,1.00e-05,0.50000,7626.8
1,COMPLETE,24.8118,27.7075,22.0406,23.1234,24.8118,1.00e-03,128,32,0.15000,1.00000,30,1.00e-05,0.50000,11266.8
2,PRUNED,38.7867,38.7867,N/A,N/A,N/A,5.00e-04,128,32,0.10000,0.80000,20,5.00e-05,0.30000,752.9
3,PRUNED,N/A,N/A,N/A,N/A,N/A,2.00e-03,256,48,0.20000,1.50000,40,1.00e-04,2.00000,61.0
4,COMPLETE,20.0329,10.0638,12.4105,19.6360,20.0329,4.33e-04,32,32,0.05618,1.95486,20,3.13e-06,0.06624,6388.9
5,COMPLETE,23.2295,27.3139,25.4228,24.4923,23.2295,7.79e-04,128,48,0.20427,1.38862,30,1.50e-06,3.63926,11889.7
6,PRUNED,23.6295,22.4883,23.6295,N/A,N/A,4.37e-03,32,64,0.12763,1.49378,40,3.15e-06,4.13885,1423.7
7,PRUNED,28.2918,21.3152,28.2918,N/A,N/A,2.07e-03,32,64,0.13140,1.74311,40,2.40e-06,1.46253,1429.9
8,PRUNED,21.8967,21.8967,N/A,N/A,N/A,1.34e-04,32,48,0.15754,0.67380,20,1.48e-06,0.06908,444.3
9,PRUNED,28.7725,28.7725,N/A,N/A,N/A,3.57e-04,128,64,0.19814,1.28410,20,1.22e-06,0.52198,833.6
10,PRUNED,24.4565,24.4565,N/A,N/A,N/A,3.42e-04,64,48,0.32891,1.71218,30,3.19e-06,2.56442,512.7
11,PRUNED,33.5688,33.5688,N/A,N/A,N/A,8.25e-04,64,48,0.20322,1.12612,40,3.51e-04,0.07453,519.8
12,PRUNED,37.1828,52.4974,37.1828,N/A,N/A,7.61e-04,128,16,0.23287,1.25402,40,4.43e-06,0.02461,2025.7
13,PRUNED,26.7920,26.7920,N/A,N/A,N/A,6.79e-04,32,16,0.21073,0.63543,20,1.29e-06,0.39337,387.3
14,PRUNED,61.8717,61.8717,N/A,N/A,N/A,1.42e-03,192,48,0.15232,0.67021,20,6.04e-05,1.60568,1569.4
15,COMPLETE,18.5093,20.2201,17.0154,16.2712,18.5093,2.09e-04,32,32,0.11158,1.58332,20,6.24e-06,0.05529,6387.4
16,COMPLETE,13.8935,15.3126,9.6584,12.0766,13.8935,6.17e-04,32,32,0.08648,1.54900,20,2.05e-06,0.06306,6386.8
17,COMPLETE,18.4546,23.3235,12.0338,17.6214,18.4546,4.14e-04,32,32,0.23781,1.50526,20,9.67e-06,0.12358,6729.6
18,PRUNED,34.7909,38.3707,34.7909,N/A,N/A,3.01e-04,32,32,0.31184,1.39682,30,1.93e-05,0.14266,1346.2
19,PRUNED,34.1983,17.3801,14.8319,34.1983,N/A,2.34e-04,32,16,0.28454,1.69630,20,2.57e-05,0.02499,3608.6
20,PRUNED,19.4136,12.2089,7.2764,19.4136,N/A,3.07e-03,32,16,0.08693,1.46115,20,2.15e-06,0.18309,3614.0
21,PRUNED,26.7222,26.7222,N/A,N/A,N/A,8.53e-04,32,32,0.27043,1.69991,20,1.97e-06,0.08827,465.4
22,COMPLETE,16.1484,11.7001,11.9470,15.3307,16.1484,1.05e-04,32,32,0.17743,1.62461,20,6.65e-06,0.19507,6758.1
23,PRUNED,N/A,N/A,N/A,N/A,N/A,1.01e-04,256,32,0.19302,1.94890,20,8.06e-06,0.26348,57.3
24,PRUNED,15.4740,11.2584,15.4740,N/A,N/A,8.26e-04,32,32,0.20008,1.34472,20,3.75e-05,0.57630,1299.2
25,PRUNED,35.0103,35.0103,N/A,N/A,N/A,2.38e-04,32,32,0.18814,1.49368,20,1.35e-06,2.40926,435.3
26,PRUNED,64.3468,64.3468,N/A,N/A,N/A,1.63e-04,32,32,0.18739,1.50649,40,2.49e-05,0.73909,453.9
27,PRUNED,49.4351,39.2973,49.4351,N/A,N/A,8.05e-04,192,32,0.07924,1.32045,20,3.04e-06,0.01419,4823.6
28,PRUNED,N/A,N/A,N/A,N/A,N/A,8.79e-04,256,32,0.10437,1.51557,20,1.28e-06,0.52119,55.7
29,PRUNED,30.0386,58.5799,30.0386,N/A,N/A,1.93e-04,192,48,0.19943,1.63694,20,1.30e-05,0.14208,4868.4
30,COMPLETE,13.5005,13.8291,8.9764,10.8679,13.5005,4.30e-04,32,32,0.15452,1.23722,30,1.14e-06,0.03592,6494.0
31,PRUNED,32.3393,36.5511,32.3393,N/A,N/A,5.31e-04,32,48,0.16567,1.20960,30,2.34e-06,0.01002,1326.5
32,PRUNED,13.6862,18.0705,13.6862,N/A,N/A,9.92e-04,32,32,0.16686,1.24643,30,1.17e-06,0.04885,1250.6
33,PRUNED,37.6314,37.6314,N/A,N/A,N/A,5.33e-04,32,16,0.06777,1.47556,30,4.59e-06,0.07298,394.3
34,PRUNED,44.3654,44.3654,N/A,N/A,N/A,1.27e-04,192,32,0.09964,1.33999,30,1.32e-06,0.02410,1623.3
35,PRUNED,36.4898,43.3169,39.7285,36.4898,N/A,1.14e-04,32,32,0.24528,1.48343,20,4.07e-06,0.08662,3684.8
36,PRUNED,18.3894,21.6086,13.9468,18.3894,N/A,3.76e-04,32,64,0.15700,1.12345,20,1.27e-06,0.02593,4267.8
37,PRUNED,39.8863,43.1366,44.1556,39.8863,N/A,4.96e-04,192,16,0.20219,1.10329,30,1.14e-06,0.07481,14668.2
38,PRUNED,61.3594,61.3594,N/A,N/A,N/A,2.24e-04,32,32,0.22048,1.01546,40,1.24e-06,0.04106,430.3
39,PRUNED,21.4950,15.1060,16.8943,21.4950,N/A,1.11e-03,32,32,0.09392,1.57970,40,5.09e-06,0.15221,3675.9
40,PRUNED,22.1199,22.1199,N/A,N/A,N/A,1.42e-04,32,48,0.12352,1.46581,20,5.86e-06,0.59338,456.0
41,PRUNED,38.7343,45.2431,38.7343,N/A,N/A,2.19e-04,32,32,0.05391,1.15273,20,6.97e-05,0.03905,1245.3
42,PRUNED,38.2045,47.6110,38.2045,N/A,N/A,1.64e-04,32,32,0.09995,1.78312,30,3.20e-05,0.01595,1251.9
43,PRUNED,18.9337,22.1753,14.3334,18.9337,N/A,2.22e-04,64,32,0.13315,1.58182,20,9.90e-06,0.09774,4352.5
44,PRUNED,29.4539,24.8651,29.4539,N/A,N/A,1.76e-04,32,64,0.14272,1.93628,30,1.60e-06,0.45688,1464.0
45,PRUNED,17.3221,15.8440,17.3221,N/A,N/A,1.86e-04,128,32,0.08072,1.56771,40,5.55e-06,0.06247,2307.1
46,PRUNED,25.9967,12.8522,16.9064,25.9967,N/A,1.06e-03,64,48,0.08240,1.79387,20,1.49e-06,0.06536,4552.0
47,PRUNED,36.3571,24.8065,36.3571,N/A,N/A,1.39e-04,32,48,0.07283,1.68040,20,6.82e-06,0.02661,1322.6
48,COMPLETE,18.9698,9.8737,6.7882,16.1649,18.9698,6.00e-04,32,32,0.05881,1.13538,20,1.53e-06,0.10217,6484.5
49,PRUNED,25.9833,25.9833,N/A,N/A,N/A,1.50e-04,32,32,0.13215,1.74062,20,2.34e-05,0.09471,427.3
50,PRUNED,20.8950,17.3719,19.5809,20.8950,N/A,2.59e-04,128,32,0.17509,0.78629,30,2.06e-06,0.01262,7092.5
51,PRUNED,19.0386,13.5826,11.8118,19.0386,N/A,1.06e-03,32,64,0.07775,0.75665,20,2.86e-06,0.29451,4515.2
52,PRUNED,20.6034,10.5814,20.6034,N/A,N/A,6.04e-04,32,32,0.12193,1.18948,20,3.40e-06,0.07450,1257.4
53,PRUNED,21.7234,7.9000,11.4611,21.7234,N/A,1.21e-03,32,64,0.05375,1.64164,20,6.80e-06,0.04350,4263.8
54,PRUNED,37.0170,37.0170,N/A,N/A,N/A,4.00e-04,128,48,0.07390,1.15513,20,1.38e-06,0.33115,795.3
